"","PREDNN","PREDAUTONN","PREDAUTOARIMA","PREDARIMA","ENS1","ENS2"
"1",4.43522246110547,5.37942542835569,13.4131331068367,8.37855899735628,7.84673597409627,5.80054953354059
